user_id,night_plays
user_100,6
user_25,5
user_61,5
user_17,4
user_21,4
user_37,4
user_44,4
user_47,4
user_57,4
user_62,4
user_71,4
user_72,4
user_76,4
user_83,4
user_85,4
user_96,4
user_98,4
user_10,3
user_11,3
user_2,3
user_29,3
user_40,3
user_49,3
user_5,3
user_52,3
user_58,3
user_68,3
user_73,3
user_81,3
user_87,3
user_95,3
user_99,3
user_12,2
user_14,2
user_18,2
user_20,2
user_32,2
user_34,2
user_35,2
user_38,2
user_45,2
user_46,2
user_50,2
user_53,2
user_60,2
user_65,2
user_66,2
user_69,2
user_79,2
user_8,2
user_80,2
user_84,2
user_86,2
user_89,2
user_9,2
user_92,2
user_93,2
user_13,1
user_16,1
user_19,1
user_22,1
user_23,1
user_24,1
user_26,1
user_27,1
user_3,1
user_30,1
user_31,1
user_33,1
user_36,1
user_39,1
user_41,1
user_42,1
user_51,1
user_54,1
user_6,1
user_63,1
user_64,1
user_67,1
user_7,1
user_70,1
user_74,1
user_75,1
user_77,1
user_78,1
user_82,1
user_88,1
user_90,1
user_91,1
user_94,1
user_97,1
