user_id,genre,play_count
user_1,Rock,8
user_10,Classical,3
user_100,Rock,7
user_11,Hip-Hop,7
user_12,Hip-Hop,4
user_13,Hip-Hop,9
user_14,Hip-Hop,6
user_15,Hip-Hop,2
user_16,Classical,3
user_17,Hip-Hop,9
user_18,Pop,7
user_19,Rock,5
user_2,Hip-Hop,4
user_20,Classical,9
user_21,Hip-Hop,9
user_22,Pop,6
user_23,Hip-Hop,3
user_24,Classical,9
user_25,Rock,8
user_26,Hip-Hop,5
user_27,Hip-Hop,9
user_28,Rock,6
user_29,Classical,9
user_3,Rock,3
user_30,Pop,4
user_31,Classical,7
user_32,Classical,6
user_33,Jazz,9
user_34,Classical,8
user_35,Pop,5
user_36,Classical,11
user_37,Rock,7
user_38,Classical,6
user_39,Jazz,4
user_4,Classical,5
user_40,Classical,9
user_41,Rock,6
user_42,Jazz,5
user_43,Rock,1
user_44,Pop,8
user_45,Hip-Hop,12
user_46,Rock,4
user_47,Jazz,14
user_48,Classical,4
user_49,Jazz,6
user_5,Pop,5
user_50,Jazz,8
user_51,Pop,7
user_52,Hip-Hop,6
user_53,Classical,10
user_54,Classical,5
user_55,Jazz,6
user_56,Hip-Hop,4
user_57,Rock,9
user_58,Rock,7
user_59,Pop,4
user_6,Rock,8
user_60,Hip-Hop,8
user_61,Jazz,14
user_62,Classical,11
user_63,Jazz,9
user_64,Rock,7
user_65,Pop,6
user_66,Rock,5
user_67,Rock,8
user_68,Jazz,11
user_69,Jazz,7
user_7,Rock,4
user_70,Pop,4
user_71,Classical,9
user_72,Hip-Hop,7
user_73,Rock,7
user_74,Pop,10
user_75,Classical,6
user_76,Rock,14
user_77,Hip-Hop,3
user_78,Pop,5
user_79,Jazz,10
user_8,Hip-Hop,5
user_80,Classical,9
user_81,Rock,7
user_82,Jazz,5
user_83,Hip-Hop,8
user_84,Pop,2
user_85,Pop,13
user_86,Jazz,6
user_87,Jazz,6
user_88,Classical,10
user_89,Rock,6
user_9,Classical,2
user_90,Classical,4
user_91,Pop,2
user_92,Classical,10
user_93,Jazz,10
user_94,Hip-Hop,5
user_95,Jazz,10
user_96,Jazz,5
user_97,Hip-Hop,8
user_98,Hip-Hop,4
user_99,Hip-Hop,5
