song_id,title,avg_duration_sec,play_count
song_49,Title_song_49,212.79,14
song_37,Title_song_37,193.6,15
song_27,Title_song_27,191.68,19
song_40,Title_song_40,191.59,27
song_33,Title_song_33,190.07,15
song_42,Title_song_42,187.2,20
song_34,Title_song_34,186.57,21
song_43,Title_song_43,184.65,17
song_11,Title_song_11,183.36,11
song_23,Title_song_23,181.1,10
song_44,Title_song_44,180.65,26
song_50,Title_song_50,179.33,21
song_19,Title_song_19,179.14,22
song_24,Title_song_24,177.93,15
song_3,Title_song_3,177.58,12
song_20,Title_song_20,177.55,29
song_12,Title_song_12,176.5,26
song_47,Title_song_47,175.41,29
song_9,Title_song_9,175.0,20
song_35,Title_song_35,174.27,33
song_46,Title_song_46,168.48,31
song_41,Title_song_41,167.44,36
song_4,Title_song_4,167.29,21
song_32,Title_song_32,165.27,15
song_1,Title_song_1,165.0,16
song_22,Title_song_22,163.48,25
song_10,Title_song_10,163.4,15
song_14,Title_song_14,161.19,31
song_5,Title_song_5,160.74,27
song_13,Title_song_13,160.53,15
song_36,Title_song_36,159.5,12
song_29,Title_song_29,158.45,22
song_8,Title_song_8,156.0,12
song_45,Title_song_45,154.4,25
song_17,Title_song_17,153.73,22
song_2,Title_song_2,152.56,16
song_6,Title_song_6,152.5,28
song_39,Title_song_39,151.92,24
song_25,Title_song_25,147.17,12
song_15,Title_song_15,146.0,15
song_48,Title_song_48,144.78,18
song_26,Title_song_26,143.26,23
song_31,Title_song_31,141.88,16
song_16,Title_song_16,141.18,22
song_21,Title_song_21,139.5,12
song_28,Title_song_28,139.4,10
song_30,Title_song_30,138.53,43
song_38,Title_song_38,137.82,11
song_18,Title_song_18,129.0,12
song_7,Title_song_7,98.0,11
